<?xml version="1.0" encoding="utf-8"?>
<extension type="component" version="1.6.0" method="upgrade">
        <name>com_jgreader</name>
        <creationDate>August 2011</creationDate>
        <author>Alexandros D</author>
        <authorEmail>alexd3499@gmail.com</authorEmail>
        <authorUrl>http://alexd.mplofa.com</authorUrl>
        <copyright>Copyright (c) 2011 - Alexandros D</copyright>
        <license>GNU - GPL</license>
        <version>1.0.0</version>
        <description>Display your Google Reader Starred, Shared, and Tagged Items</description>
        <files folder="site">
                <filename>jgreader.php</filename>
                <filename>controller.php</filename>
           	    <folder>views</folder>
                <folder>media</folder>
                <folder>models</folder>
                <folder>language</folder>
                <folder>gReader-Library</folder>
        </files>
        <administration>
                <menu>com_jgreader</menu>
                <files folder="admin">
                        <filename>config.xml</filename>
                        <filename>jgreader.php</filename>
                </files>
                <languages folder="admin">
                        <language tag="en-GB">language/en-GB/en-GB.com_jgreader.ini</language>
                        <language tag="en-GB">language/en-GB/en-GB.com_jgreader.sys.ini</language>
                </languages>
        </administration>
</extension>
