<?xml version="1.0" encoding="utf-8"?>
<extension type="component" version="1.6.0" method="upgrade">
 
        <name>com_jgreader</name>
        <creationDate>August 2011</creationDate>
        <author>Alexandros D</author>
        <authorEmail>alexd3499@gmail.com</authorEmail>
        <authorUrl>http://alexd.mplofa.com</authorUrl>
        <copyright>Copyright (c) 2011 - Alexandros D</copyright>
        <license>GNU - GPL</license>
        <version>0.9.0</version>
        <description>Your Google Reader Starred and Shared Items</description>
 
        <!-- <scriptfile>script.php</scriptfile> -->
 		
 		<!-- 
        <install>
                <sql>
                        <file driver="mysql" charset="utf8">sql/install.mysql.utf8.sql</file>
                </sql>
        </install>
        <uninstall>
                <sql>
                        <file driver="mysql" charset="utf8">sql/uninstall.mysql.utf8.sql</file>
                </sql>
        </uninstall>
         -->        
 
        <!-- Site Main File Copy Section -->
        <!-- Note the folder attribute: This attribute describes the folder
                to copy FROM in the package to install therefore files copied
                in this section are copied from /site/ in the package -->
        <files folder="site">
                <filename>jgreader.php</filename>
                <filename>controller.php</filename>
           	    <folder>views</folder>
                <folder>media</folder>
                <folder>models</folder>
        </files>
 
        <administration>
                <menu>J! Google Reader</menu>
                <!-- Administration Main File Copy Section -->
                <!-- Note the folder attribute: This attribute describes the folder
                        to copy FROM in the package to install therefore files copied
                        in this section are copied from /admin/ in the package -->
                <files folder="admin">
                        <filename>config.xml</filename>
                        <filename>jgreader.php</filename>
                </files>
        </administration>
 
</extension>
